<?xml version="1.0" encoding="UTF-8"?>
<project-private xmlns="http://www.netbeans.org/ns/project-private/1">
    <editor-bookmarks xmlns="http://www.netbeans.org/ns/editor-bookmarks/2" lastBookmarkId="0"/>
    <open-files xmlns="http://www.netbeans.org/ns/projectui-open-files/1">
        <file>file:/C:/inetpub/wwwroot/PDF/pdfabaseindex.php</file>
        <file>file:/C:/inetpub/wwwroot/PDF/Formato.php</file>
        <file>file:/C:/inetpub/wwwroot/PDF/pdfabase.php</file>
        <file>file:/C:/inetpub/wwwroot/PDF/ejemplo.php</file>
        <file>file:/C:/inetpub/wwwroot/PDF/reporte8.1.php</file>
    </open-files>
</project-private>
